
{
  "name": "vagas",
  "options": {
    "validator": {
      "$jsonSchema": {
        "bsonType": "object",
        "required": ["descricaoCargo", "requisitosObrigatorios", "remuneracaoMensal", "localTrabalho", "status", "criadoEm"],
        "properties": {
          "descricaoCargo": {
            "bsonType": "string",
            "minLength": 5,
            "maxLength": 200,
            "description": "Descrição do cargo/posição"
          },
          "requisitosObrigatorios": {
            "bsonType": "string",
            "minLength": 10,
            "description": "Requisitos obrigatórios para a vaga"
          },
          "requisitosDesejaveis": {
            "bsonType": "string",
            "description": "Requisitos desejáveis (opcional)"
          },
          "remuneracaoMensal": {
            "bsonType": "number",
            "minimum": 0,
            "description": "Remuneração mensal em reais (R$)"
          },
          "beneficios": {
            "bsonType": "string",
            "description": "Benefícios oferecidos"
          },
          "localTrabalho": {
            "bsonType": "string",
            "minLength": 3,
            "description": "Local de trabalho"
          },
          "status": {
            "bsonType": "string",
            "enum": ["aberta", "preenchida", "cancelada"],
            "description": "Status da vaga"
          },
          "departamento": {
            "bsonType": "string",
            "description": "Departamento responsável"
          },
          "tipoContrato": {
            "bsonType": "string",
            "enum": ["CLT", "PJ", "Estágio", "Temporário"],
            "description": "Tipo de contrato"
          },
          "cargaHoraria": {
            "bsonType": "string",
            "description": "Carga horária semanal"
          },
          "criadoPor": {
            "bsonType": "string",
            "description": "Usuário que criou a vaga"
          },
          "criadoEm": {
            "bsonType": "string",
            "title": "datetime",
            "description": "Data de criação da vaga"
          },
          "atualizadoEm": {
            "bsonType": "string",
            "title": "datetime",
            "description": "Data da última atualização"
          }
        },
        "additionalProperties": true
      }
    },
    "validationLevel": "moderate",
    "validationAction": "warn"
  }
}
